{
  "global_mean": -47.813503961009076,
  "global_std": 19.131304792178977
}